Campanha,Palavra-chave negativa,Tipo de correspondência
[nowa] Consultoria Microsoft,dynamics 365,Correspondência de frase
[nowa] Consultoria Microsoft,dynamics ax,Correspondência de frase
[nowa] Consultoria Microsoft,dynamics crm,Correspondência de frase
[nowa] Consultoria Microsoft,dynamics bc,Correspondência de frase
[nowa] Consultoria Microsoft,dynamics business central,Correspondência de frase
[nowa] Consultoria Microsoft,lcs dynamics,Correspondência de frase
[nowa] Consultoria Microsoft,sistema dynamics,Correspondência de frase
[nowa] Consultoria Microsoft,business central dynamics,Correspondência de frase
[nowa] Consultoria Microsoft,erp dynamics,Correspondência de frase
[nowa] Consultoria Microsoft,navision,Correspondência de frase
[nowa] Consultoria Microsoft,erp business central,Correspondência de frase
[nowa] Consultoria Microsoft,d365,Correspondência de frase
[nowa] Consultoria Microsoft,azure dev tools for teaching,Correspondência de frase
[nowa] Consultoria Microsoft,azure dev tools for education,Correspondência de frase
[nowa] Consultoria Microsoft,azure devtools for students,Correspondência de frase
[nowa] Consultoria Microsoft,for teaching,Correspondência de frase
[nowa] Consultoria Microsoft,for students,Correspondência de frase
[nowa] Consultoria Microsoft,curso de devops,Correspondência de frase
[nowa] Consultoria Microsoft,curso azure devops,Correspondência de frase
[nowa] Consultoria Microsoft,treinamento azure devops,Correspondência de frase
[nowa] Consultoria Microsoft,sc 900,Correspondência de frase
[nowa] Consultoria Microsoft,sc900,Correspondência de frase
[nowa] Consultoria Microsoft,sc 200,Correspondência de frase
[nowa] Consultoria Microsoft,az 500,Correspondência de frase
[nowa] Consultoria Microsoft,az 400,Correspondência de frase
[nowa] Consultoria Microsoft,certificação,Correspondência de frase
[nowa] Consultoria Microsoft,udemy,Correspondência de frase
[nowa] Consultoria Microsoft,power bi service,Correspondência de frase
[nowa] Consultoria Microsoft,power bi serviço,Correspondência de frase
[nowa] Consultoria Microsoft,serviço power bi,Correspondência de frase
[nowa] Consultoria Microsoft,azure devops pipeline,Correspondência de frase
[nowa] Consultoria Microsoft,azure devops pipelines,Correspondência de frase
[nowa] Consultoria Microsoft,pipeline azure devops,Correspondência de frase
[nowa] Consultoria Microsoft,azure devops status,Correspondência de frase
[nowa] Consultoria Microsoft,azure devops service status,Correspondência de frase
[nowa] Consultoria Microsoft,status azure devops,Correspondência de frase
[nowa] Consultoria Microsoft,azure devops ado,Correspondência de frase
[nowa] Consultoria Microsoft,azure devops work items,Correspondência de frase
[nowa] Consultoria Microsoft,azure devops boards,Correspondência de frase
[nowa] Consultoria Microsoft,azure devops repos,Correspondência de frase
[nowa] Consultoria Microsoft,azure devops server,Correspondência de frase
[nowa] Consultoria Microsoft,azure devops portal,Correspondência de frase
[nowa] Consultoria Microsoft,azure devops entrar,Correspondência de frase
[nowa] Consultoria Microsoft,azure devops health,Correspondência de frase
[nowa] Consultoria Microsoft,revendedor windows,Correspondência de frase
[nowa] Consultoria Microsoft,distribuidor windows,Correspondência de frase
[nowa] Consultoria Microsoft,revenda windows,Correspondência de frase
[nowa] Consultoria Microsoft,dev azure,Correspondência de frase
[nowa] Azure / Infraestrutura Microsoft,dynamics 365,Correspondência de frase
[nowa] Azure / Infraestrutura Microsoft,d365,Correspondência de frase
[nowa] Azure / Infraestrutura Microsoft,dynamics ax,Correspondência de frase
[nowa] Azure / Infraestrutura Microsoft,lcs dynamics,Correspondência de frase
[nowa] Azure / Infraestrutura Microsoft,navision,Correspondência de frase
[nowa] Azure / Infraestrutura Microsoft,azure devops pipeline,Correspondência de frase
[nowa] Azure / Infraestrutura Microsoft,azure devops pipelines,Correspondência de frase
[nowa] Azure / Infraestrutura Microsoft,pipeline azure devops,Correspondência de frase
[nowa] Azure / Infraestrutura Microsoft,azure devops status,Correspondência de frase
[nowa] Azure / Infraestrutura Microsoft,azure devops service status,Correspondência de frase
[nowa] Azure / Infraestrutura Microsoft,azure devops ado,Correspondência de frase
[nowa] Azure / Infraestrutura Microsoft,azure devops boards,Correspondência de frase
[nowa] Azure / Infraestrutura Microsoft,azure devops repos,Correspondência de frase
[nowa] Azure / Infraestrutura Microsoft,azure devops server,Correspondência de frase
[nowa] Azure / Infraestrutura Microsoft,azure dev tools for teaching,Correspondência de frase
[nowa] Azure / Infraestrutura Microsoft,azure devtools for students,Correspondência de frase
[nowa] Azure / Infraestrutura Microsoft,for teaching,Correspondência de frase
[nowa] Azure / Infraestrutura Microsoft,for students,Correspondência de frase
[nowa] Azure / Infraestrutura Microsoft,sc 900,Correspondência de frase
[nowa] Azure / Infraestrutura Microsoft,sc900,Correspondência de frase
[nowa] Azure / Infraestrutura Microsoft,sc 200,Correspondência de frase
[nowa] Azure / Infraestrutura Microsoft,az 500,Correspondência de frase
[nowa] Azure / Infraestrutura Microsoft,az 400,Correspondência de frase
[nowa] Azure / Infraestrutura Microsoft,certificação,Correspondência de frase
[nowa] Azure / Infraestrutura Microsoft,udemy,Correspondência de frase
[nowa] Azure / Infraestrutura Microsoft,revendedor windows,Correspondência de frase
[nowa] Azure / Infraestrutura Microsoft,power bi service,Correspondência de frase
[nowa[ Office 365 / Microsoft 365,dynamics 365,Correspondência de frase
[nowa[ Office 365 / Microsoft 365,d365,Correspondência de frase
[nowa[ Office 365 / Microsoft 365,azure devops pipeline,Correspondência de frase
[nowa[ Office 365 / Microsoft 365,pipeline azure devops,Correspondência de frase
[nowa[ Office 365 / Microsoft 365,azure devops status,Correspondência de frase
[nowa[ Office 365 / Microsoft 365,azure dev tools for teaching,Correspondência de frase
[nowa[ Office 365 / Microsoft 365,azure devtools for students,Correspondência de frase
[nowa[ Office 365 / Microsoft 365,for teaching,Correspondência de frase
[nowa[ Office 365 / Microsoft 365,for students,Correspondência de frase
[nowa[ Office 365 / Microsoft 365,sc 900,Correspondência de frase
[nowa[ Office 365 / Microsoft 365,certificação,Correspondência de frase
[nowa[ Office 365 / Microsoft 365,revendedor windows,Correspondência de frase
[nowa[ Office 365 / Microsoft 365,power bi service,Correspondência de frase
